file,contributions_count,minor
scripts/ObjectBuilder.js,1,0
.gitmodules,3,0
bob,2,0
ci/jenkins/files/testSuiteDeploy.Jenkinsfile,3,0
scripts/ADCApi.js,1,0
scripts/APIEndpoint.js,1,0
scripts/Adc-Json/ves-event-batch-neg.json,1,0
scripts/Adc-Json/ves-event-neg.json,1,0
scripts/Constants.js,1,0
scripts/test_cs_service.js,1,0
dev/docker-compose.yml,1,0
dev/grafana-dashboard.yaml,1,0
dev/grafana-datasource.yaml,1,0
dev/grafana-k6-docker-compose.yml,1,0
scripts/Adc-Json/ves-event-batch.json,1,0
scripts/Adc-Json/ves-event.json,1,0
start-k6.sh,1,0
Dockerfile,1,0
ci/jenkins/rulesets/ruleset2.0.yaml,1,0
ci/jenkins/scripts/copy_report_k6.sh,1,0
ci/jenkins/scripts/deploy_testsuite.sh,1,0
scripts/ObjectBuilder.js,1,0
.gitmodules,3,0
bob,2,0
ci/jenkins/files/testSuiteDeploy.Jenkinsfile,3,0
scripts/ADCApi.js,1,0
scripts/APIEndpoint.js,1,0
scripts/Adc-Json/ves-event-batch-neg.json,1,0
scripts/Adc-Json/ves-event-neg.json,1,0
scripts/Constants.js,1,0
scripts/test_cs_service.js,1,0
dev/docker-compose.yml,1,0
dev/grafana-dashboard.yaml,1,0
dev/grafana-datasource.yaml,1,0
dev/grafana-k6-docker-compose.yml,1,0
scripts/Adc-Json/ves-event-batch.json,1,0
scripts/Adc-Json/ves-event.json,1,0
start-k6.sh,1,0
Dockerfile,1,0
ci/jenkins/rulesets/ruleset2.0.yaml,1,0
ci/jenkins/scripts/copy_report_k6.sh,1,0
ci/jenkins/scripts/deploy_testsuite.sh,1,0
scripts/ObjectBuilder.js,1,0
.gitmodules,3,0
bob,2,0
ci/jenkins/files/testSuiteDeploy.Jenkinsfile,3,0
scripts/ADCApi.js,1,0
scripts/APIEndpoint.js,1,0
scripts/Adc-Json/ves-event-batch-neg.json,1,0
scripts/Adc-Json/ves-event-neg.json,1,0
scripts/Constants.js,1,0
scripts/test_cs_service.js,1,0
dev/docker-compose.yml,1,0
dev/grafana-dashboard.yaml,1,0
dev/grafana-datasource.yaml,1,0
dev/grafana-k6-docker-compose.yml,1,0
scripts/Adc-Json/ves-event-batch.json,1,0
scripts/Adc-Json/ves-event.json,1,0
start-k6.sh,1,0
Dockerfile,1,0
ci/jenkins/rulesets/ruleset2.0.yaml,1,0
ci/jenkins/scripts/copy_report_k6.sh,1,0
ci/jenkins/scripts/deploy_testsuite.sh,1,0
scripts/ObjectBuilder.js,1,0
.gitmodules,3,0
bob,2,0
ci/jenkins/files/testSuiteDeploy.Jenkinsfile,3,0
scripts/ADCApi.js,1,0
scripts/APIEndpoint.js,1,0
scripts/Adc-Json/ves-event-batch-neg.json,1,0
scripts/Adc-Json/ves-event-neg.json,1,0
scripts/Constants.js,1,0
scripts/test_cs_service.js,1,0
dev/docker-compose.yml,1,0
dev/grafana-dashboard.yaml,1,0
dev/grafana-datasource.yaml,1,0
dev/grafana-k6-docker-compose.yml,1,0
scripts/Adc-Json/ves-event-batch.json,1,0
scripts/Adc-Json/ves-event.json,1,0
start-k6.sh,1,0
Dockerfile,1,0
ci/jenkins/rulesets/ruleset2.0.yaml,1,0
ci/jenkins/scripts/copy_report_k6.sh,1,0
ci/jenkins/scripts/deploy_testsuite.sh,1,0
scripts/ObjectBuilder.js,1,0
.gitmodules,3,0
bob,2,0
ci/jenkins/files/testSuiteDeploy.Jenkinsfile,3,0
scripts/ADCApi.js,1,0
scripts/APIEndpoint.js,1,0
scripts/Adc-Json/ves-event-batch-neg.json,1,0
scripts/Adc-Json/ves-event-neg.json,1,0
scripts/Constants.js,1,0
scripts/test_cs_service.js,1,0
dev/docker-compose.yml,1,0
dev/grafana-dashboard.yaml,1,0
dev/grafana-datasource.yaml,1,0
dev/grafana-k6-docker-compose.yml,1,0
scripts/Adc-Json/ves-event-batch.json,1,0
scripts/Adc-Json/ves-event.json,1,0
start-k6.sh,1,0
Dockerfile,1,0
ci/jenkins/rulesets/ruleset2.0.yaml,1,0
ci/jenkins/scripts/copy_report_k6.sh,1,0
ci/jenkins/scripts/deploy_testsuite.sh,1,0
scripts/ObjectBuilder.js,1,0
.gitmodules,3,0
bob,2,0
ci/jenkins/files/testSuiteDeploy.Jenkinsfile,3,0
scripts/ADCApi.js,1,0
scripts/APIEndpoint.js,1,0
scripts/Adc-Json/ves-event-batch-neg.json,1,0
scripts/Adc-Json/ves-event-neg.json,1,0
scripts/Constants.js,1,0
scripts/test_cs_service.js,1,0
dev/docker-compose.yml,1,0
dev/grafana-dashboard.yaml,1,0
dev/grafana-datasource.yaml,1,0
dev/grafana-k6-docker-compose.yml,1,0
scripts/Adc-Json/ves-event-batch.json,1,0
scripts/Adc-Json/ves-event.json,1,0
start-k6.sh,1,0
Dockerfile,1,0
ci/jenkins/rulesets/ruleset2.0.yaml,1,0
ci/jenkins/scripts/copy_report_k6.sh,1,0
ci/jenkins/scripts/deploy_testsuite.sh,1,0
scripts/ObjectBuilder.js,1,0
.gitmodules,3,0
bob,2,0
ci/jenkins/files/testSuiteDeploy.Jenkinsfile,3,0
scripts/ADCApi.js,1,0
scripts/APIEndpoint.js,1,0
scripts/Adc-Json/ves-event-batch-neg.json,1,0
scripts/Adc-Json/ves-event-neg.json,1,0
scripts/Constants.js,1,0
scripts/test_cs_service.js,1,0
dev/docker-compose.yml,1,0
dev/grafana-dashboard.yaml,1,0
dev/grafana-datasource.yaml,1,0
dev/grafana-k6-docker-compose.yml,1,0
scripts/Adc-Json/ves-event-batch.json,1,0
scripts/Adc-Json/ves-event.json,1,0
start-k6.sh,1,0
Dockerfile,1,0
ci/jenkins/rulesets/ruleset2.0.yaml,1,0
ci/jenkins/scripts/copy_report_k6.sh,1,0
ci/jenkins/scripts/deploy_testsuite.sh,1,0
scripts/ObjectBuilder.js,1,0
.gitmodules,3,0
bob,2,0
ci/jenkins/files/testSuiteDeploy.Jenkinsfile,3,0
scripts/ADCApi.js,1,0
scripts/APIEndpoint.js,1,0
scripts/Adc-Json/ves-event-batch-neg.json,1,0
scripts/Adc-Json/ves-event-neg.json,1,0
scripts/Constants.js,1,0
scripts/test_cs_service.js,1,0
dev/docker-compose.yml,1,0
dev/grafana-dashboard.yaml,1,0
dev/grafana-datasource.yaml,1,0
dev/grafana-k6-docker-compose.yml,1,0
scripts/Adc-Json/ves-event-batch.json,1,0
scripts/Adc-Json/ves-event.json,1,0
start-k6.sh,1,0
Dockerfile,1,0
ci/jenkins/rulesets/ruleset2.0.yaml,1,0
ci/jenkins/scripts/copy_report_k6.sh,1,0
ci/jenkins/scripts/deploy_testsuite.sh,1,0
scripts/ObjectBuilder.js,1,0
.gitmodules,3,0
bob,2,0
ci/jenkins/files/testSuiteDeploy.Jenkinsfile,3,0
scripts/ADCApi.js,1,0
scripts/APIEndpoint.js,1,0
scripts/Adc-Json/ves-event-batch-neg.json,1,0
scripts/Adc-Json/ves-event-neg.json,1,0
scripts/Constants.js,1,0
scripts/test_cs_service.js,1,0
dev/docker-compose.yml,1,0
dev/grafana-dashboard.yaml,1,0
dev/grafana-datasource.yaml,1,0
dev/grafana-k6-docker-compose.yml,1,0
scripts/Adc-Json/ves-event-batch.json,1,0
scripts/Adc-Json/ves-event.json,1,0
start-k6.sh,1,0
Dockerfile,1,0
ci/jenkins/rulesets/ruleset2.0.yaml,1,0
ci/jenkins/scripts/copy_report_k6.sh,1,0
ci/jenkins/scripts/deploy_testsuite.sh,1,0
scripts/ObjectBuilder.js,1,0
.gitmodules,3,0
bob,2,0
ci/jenkins/files/testSuiteDeploy.Jenkinsfile,3,0
scripts/ADCApi.js,1,0
scripts/APIEndpoint.js,1,0
scripts/Adc-Json/ves-event-batch-neg.json,1,0
scripts/Adc-Json/ves-event-neg.json,1,0
scripts/Constants.js,1,0
scripts/test_cs_service.js,1,0
dev/docker-compose.yml,1,0
dev/grafana-dashboard.yaml,1,0
dev/grafana-datasource.yaml,1,0
dev/grafana-k6-docker-compose.yml,1,0
scripts/Adc-Json/ves-event-batch.json,1,0
scripts/Adc-Json/ves-event.json,1,0
start-k6.sh,1,0
Dockerfile,1,0
ci/jenkins/rulesets/ruleset2.0.yaml,1,0
ci/jenkins/scripts/copy_report_k6.sh,1,0
ci/jenkins/scripts/deploy_testsuite.sh,1,0
scripts/ObjectBuilder.js,1,0
.gitmodules,3,0
bob,2,0
ci/jenkins/files/testSuiteDeploy.Jenkinsfile,3,0
scripts/ADCApi.js,1,0
scripts/APIEndpoint.js,1,0
scripts/Adc-Json/ves-event-batch-neg.json,1,0
scripts/Adc-Json/ves-event-neg.json,1,0
scripts/Constants.js,1,0
scripts/test_cs_service.js,1,0
dev/docker-compose.yml,1,0
dev/grafana-dashboard.yaml,1,0
dev/grafana-datasource.yaml,1,0
dev/grafana-k6-docker-compose.yml,1,0
scripts/Adc-Json/ves-event-batch.json,1,0
scripts/Adc-Json/ves-event.json,1,0
start-k6.sh,1,0
Dockerfile,1,0
ci/jenkins/rulesets/ruleset2.0.yaml,1,0
ci/jenkins/scripts/copy_report_k6.sh,1,0
ci/jenkins/scripts/deploy_testsuite.sh,1,0
scripts/ObjectBuilder.js,1,0
.gitmodules,3,0
bob,2,0
ci/jenkins/files/testSuiteDeploy.Jenkinsfile,3,0
scripts/ADCApi.js,1,0
scripts/APIEndpoint.js,1,0
scripts/Adc-Json/ves-event-batch-neg.json,1,0
scripts/Adc-Json/ves-event-neg.json,1,0
scripts/Constants.js,1,0
scripts/test_cs_service.js,1,0
dev/docker-compose.yml,1,0
dev/grafana-dashboard.yaml,1,0
dev/grafana-datasource.yaml,1,0
dev/grafana-k6-docker-compose.yml,1,0
scripts/Adc-Json/ves-event-batch.json,1,0
scripts/Adc-Json/ves-event.json,1,0
start-k6.sh,1,0
Dockerfile,1,0
ci/jenkins/rulesets/ruleset2.0.yaml,1,0
ci/jenkins/scripts/copy_report_k6.sh,1,0
ci/jenkins/scripts/deploy_testsuite.sh,1,0
scripts/ObjectBuilder.js,1,0
.gitmodules,3,0
bob,2,0
ci/jenkins/files/testSuiteDeploy.Jenkinsfile,3,0
scripts/ADCApi.js,1,0
scripts/APIEndpoint.js,1,0
scripts/Adc-Json/ves-event-batch-neg.json,1,0
scripts/Adc-Json/ves-event-neg.json,1,0
scripts/Constants.js,1,0
scripts/test_cs_service.js,1,0
dev/docker-compose.yml,1,0
dev/grafana-dashboard.yaml,1,0
dev/grafana-datasource.yaml,1,0
dev/grafana-k6-docker-compose.yml,1,0
scripts/Adc-Json/ves-event-batch.json,1,0
scripts/Adc-Json/ves-event.json,1,0
start-k6.sh,1,0
Dockerfile,1,0
ci/jenkins/rulesets/ruleset2.0.yaml,1,0
ci/jenkins/scripts/copy_report_k6.sh,1,0
ci/jenkins/scripts/deploy_testsuite.sh,1,0
adc-app-eng-pipeline/src/K6FunctionalTests.Jenkinsfile,3,2
adc-k6-functional/charts/network-policy/eric-adc-ctr-p-policy.yaml,1,0
adc-k6-functional/scripts/install_moc-ctr.sh,1,0
moc-ctr-file-transfer-0.1.0/docker-moc-ctr-file-transfer-0.1.0/3c09c798cf899b872a7cdfd59d63e4212aa09c7891b63ac86fb2c962224ee4c7/VERSION,1,0
moc-ctr-file-transfer-0.1.0/docker-moc-ctr-file-transfer-0.1.0/3c09c798cf899b872a7cdfd59d63e4212aa09c7891b63ac86fb2c962224ee4c7/json,1,0
moc-ctr-file-transfer-0.1.0/docker-moc-ctr-file-transfer-0.1.0/7efa05788eeee9f5db39c88223fa56d2c441e72652fd4901353a3cada4395cde.json,1,0
moc-ctr-file-transfer-0.1.0/docker-moc-ctr-file-transfer-0.1.0/9080d88c77f7c39f53939319747704620b8ea00ae52669a3b72635dbf86e377f/VERSION,1,0
moc-ctr-file-transfer-0.1.0/docker-moc-ctr-file-transfer-0.1.0/9080d88c77f7c39f53939319747704620b8ea00ae52669a3b72635dbf86e377f/json,1,0
moc-ctr-file-transfer-0.1.0/docker-moc-ctr-file-transfer-0.1.0/a0e2d957ab7ed7dcb56ec8635c8c79717d9f9f0e141db65cd8e7624f202c198b/VERSION,1,0
moc-ctr-file-transfer-0.1.0/docker-moc-ctr-file-transfer-0.1.0/a0e2d957ab7ed7dcb56ec8635c8c79717d9f9f0e141db65cd8e7624f202c198b/json,1,0
moc-ctr-file-transfer-0.1.0/docker-moc-ctr-file-transfer-0.1.0/manifest.json,1,0
moc-ctr-file-transfer-0.1.0/docker-moc-ctr-file-transfer-0.1.0/repositories,1,0
moc-ctr-file-transfer-0.1.0/helm-moc-ctr-file-transfer-0.1.0/moc-ctr-file-transfer/.helmignore,1,0
moc-ctr-file-transfer-0.1.0/helm-moc-ctr-file-transfer-0.1.0/moc-ctr-file-transfer/Chart.yaml,1,0
moc-ctr-file-transfer-0.1.0/helm-moc-ctr-file-transfer-0.1.0/moc-ctr-file-transfer/templates/_helpers.tpl,1,0
moc-ctr-file-transfer-0.1.0/helm-moc-ctr-file-transfer-0.1.0/moc-ctr-file-transfer/templates/configmap.yaml,1,0
moc-ctr-file-transfer-0.1.0/helm-moc-ctr-file-transfer-0.1.0/moc-ctr-file-transfer/templates/deployment.yaml,1,0
moc-ctr-file-transfer-0.1.0/helm-moc-ctr-file-transfer-0.1.0/moc-ctr-file-transfer/templates/service.yaml,1,0
moc-ctr-file-transfer-0.1.0/helm-moc-ctr-file-transfer-0.1.0/moc-ctr-file-transfer/templates/serviceaccount.yaml,1,0
moc-ctr-file-transfer-0.1.0/helm-moc-ctr-file-transfer-0.1.0/moc-ctr-file-transfer/values.yaml,1,0
adc-k6-functional/k6tests/main.js,3,1
adc-k6-functional/scripts/runK6.sh,3,0
adc-k6-functional/charts/network-policy/eric-adc-data-catalog-policy.yaml,1,0
adc-k6-functional/charts/network-policy/eric-adc-fns-stub-policy.yaml,1,0
adc-k6-functional/charts/network-policy/eric-adc-ssm-policy.yaml,1,0
adc-k6-functional/scripts/copyK6Report.sh,2,0
adc-k6-functional/scripts/deployK6Pod.sh,2,0
adc-k6-functional/charts/network-policy/eric-adc-sftp-server-policy.yaml,1,0
adc-k6-functional/Dockerfile,2,0
adc-k6-functional/k6tests/ADCApi.js,2,1
adc-k6-functional/k6tests/APIEndpoint.js,2,0
adc-k6-functional/k6tests/Adc-Json/ves-event-batch-neg.json,2,1
adc-k6-functional/k6tests/Adc-Json/ves-event-batch.json,2,1
adc-k6-functional/k6tests/Adc-Json/ves-event-neg.json,2,1
adc-k6-functional/k6tests/Adc-Json/ves-event.json,2,1
adc-k6-functional/k6tests/Constants.js,2,0
adc-k6-functional/k6tests/ObjectBuilder.js,2,0
adc-k6-functional/k6tests/minIO-k6-scripts/TC_1_list-bucket.js,1,0
adc-k6-functional/k6tests/minIO-k6-scripts/TC_2_list-object.js,1,0
adc-k6-functional/k6tests/minIO-k6-scripts/TC_3_fetch-object.js,1,0
adc-k6-functional/k6tests/minIO-k6-scripts/aws4.js,1,0
adc-k6-functional/scripts/install_dependencies.sh,1,0
,2,1
ci/jenkins/files/testSuiteDeploy.Jenkinsfile,4,0
adc-k6-functional/scripts/verifyResults.py,2,0
adc-k6-functional/src/minIO-k6-scripts/sample.txt,1,0
.gitignore,1,0
.gitmodules,3,0
adc-app-eng-pipeline/adc-app-engineering-pipeline.iml,1,0
adc-app-eng-pipeline/pom.xml,1,0
adc-k6-functional/adc-k6-functional.iml,1,0
adc-k6-functional/charts/adc-k6pod.yaml,1,0
adc-k6-functional/charts/network-policy/eric-adc-k6-policy.yaml,1,0
adc-k6-functional/docker-compose.yaml,1,0
adc-k6-functional/pom.xml,1,0
bob,2,0
dev/docker-compose.yml,1,0
dev/grafana-dashboard.yaml,1,0
dev/grafana-datasource.yaml,1,0
dev/grafana-k6-docker-compose.yml,1,0
Dockerfile,1,0
ci/jenkins/rulesets/ruleset2.0.yaml,1,0
ci/jenkins/scripts/copy_report_k6.sh,1,0
ci/jenkins/scripts/deploy_testsuite.sh,1,0
scripts/ObjectBuilder.js,1,0
.gitmodules,3,0
bob,2,0
ci/jenkins/files/testSuiteDeploy.Jenkinsfile,3,0
scripts/ADCApi.js,1,0
scripts/APIEndpoint.js,1,0
scripts/Adc-Json/ves-event-batch-neg.json,1,0
scripts/Adc-Json/ves-event-neg.json,1,0
scripts/Constants.js,1,0
scripts/test_cs_service.js,1,0
dev/docker-compose.yml,1,0
dev/grafana-dashboard.yaml,1,0
dev/grafana-datasource.yaml,1,0
dev/grafana-k6-docker-compose.yml,1,0
scripts/Adc-Json/ves-event-batch.json,1,0
scripts/Adc-Json/ves-event.json,1,0
start-k6.sh,1,0
Dockerfile,1,0
ci/jenkins/rulesets/ruleset2.0.yaml,1,0
ci/jenkins/scripts/copy_report_k6.sh,1,0
ci/jenkins/scripts/deploy_testsuite.sh,1,0
adc-app-eng-pipeline/src/K6FunctionalTests.Jenkinsfile,3,2
adc-k6-functional/charts/network-policy/eric-adc-ctr-p-policy.yaml,1,0
adc-k6-functional/scripts/install_moc-ctr.sh,1,0
moc-ctr-file-transfer-0.1.0/docker-moc-ctr-file-transfer-0.1.0/3c09c798cf899b872a7cdfd59d63e4212aa09c7891b63ac86fb2c962224ee4c7/VERSION,1,0
moc-ctr-file-transfer-0.1.0/docker-moc-ctr-file-transfer-0.1.0/3c09c798cf899b872a7cdfd59d63e4212aa09c7891b63ac86fb2c962224ee4c7/json,1,0
moc-ctr-file-transfer-0.1.0/docker-moc-ctr-file-transfer-0.1.0/7efa05788eeee9f5db39c88223fa56d2c441e72652fd4901353a3cada4395cde.json,1,0
moc-ctr-file-transfer-0.1.0/docker-moc-ctr-file-transfer-0.1.0/9080d88c77f7c39f53939319747704620b8ea00ae52669a3b72635dbf86e377f/VERSION,1,0
moc-ctr-file-transfer-0.1.0/docker-moc-ctr-file-transfer-0.1.0/9080d88c77f7c39f53939319747704620b8ea00ae52669a3b72635dbf86e377f/json,1,0
moc-ctr-file-transfer-0.1.0/docker-moc-ctr-file-transfer-0.1.0/a0e2d957ab7ed7dcb56ec8635c8c79717d9f9f0e141db65cd8e7624f202c198b/VERSION,1,0
moc-ctr-file-transfer-0.1.0/docker-moc-ctr-file-transfer-0.1.0/a0e2d957ab7ed7dcb56ec8635c8c79717d9f9f0e141db65cd8e7624f202c198b/json,1,0
moc-ctr-file-transfer-0.1.0/docker-moc-ctr-file-transfer-0.1.0/manifest.json,1,0
moc-ctr-file-transfer-0.1.0/docker-moc-ctr-file-transfer-0.1.0/repositories,1,0
moc-ctr-file-transfer-0.1.0/helm-moc-ctr-file-transfer-0.1.0/moc-ctr-file-transfer/.helmignore,1,0
moc-ctr-file-transfer-0.1.0/helm-moc-ctr-file-transfer-0.1.0/moc-ctr-file-transfer/Chart.yaml,1,0
moc-ctr-file-transfer-0.1.0/helm-moc-ctr-file-transfer-0.1.0/moc-ctr-file-transfer/templates/_helpers.tpl,1,0
moc-ctr-file-transfer-0.1.0/helm-moc-ctr-file-transfer-0.1.0/moc-ctr-file-transfer/templates/configmap.yaml,1,0
moc-ctr-file-transfer-0.1.0/helm-moc-ctr-file-transfer-0.1.0/moc-ctr-file-transfer/templates/deployment.yaml,1,0
moc-ctr-file-transfer-0.1.0/helm-moc-ctr-file-transfer-0.1.0/moc-ctr-file-transfer/templates/service.yaml,1,0
moc-ctr-file-transfer-0.1.0/helm-moc-ctr-file-transfer-0.1.0/moc-ctr-file-transfer/templates/serviceaccount.yaml,1,0
moc-ctr-file-transfer-0.1.0/helm-moc-ctr-file-transfer-0.1.0/moc-ctr-file-transfer/values.yaml,1,0
adc-k6-functional/k6tests/main.js,3,1
adc-k6-functional/scripts/runK6.sh,3,0
adc-k6-functional/charts/network-policy/eric-adc-data-catalog-policy.yaml,1,0
adc-k6-functional/charts/network-policy/eric-adc-fns-stub-policy.yaml,1,0
adc-k6-functional/charts/network-policy/eric-adc-ssm-policy.yaml,1,0
adc-k6-functional/scripts/copyK6Report.sh,2,0
adc-k6-functional/scripts/deployK6Pod.sh,2,0
adc-k6-functional/charts/network-policy/eric-adc-sftp-server-policy.yaml,1,0
adc-k6-functional/Dockerfile,2,0
adc-k6-functional/k6tests/ADCApi.js,2,1
adc-k6-functional/k6tests/APIEndpoint.js,2,0
adc-k6-functional/k6tests/Adc-Json/ves-event-batch-neg.json,2,1
adc-k6-functional/k6tests/Adc-Json/ves-event-batch.json,2,1
adc-k6-functional/k6tests/Adc-Json/ves-event-neg.json,2,1
adc-k6-functional/k6tests/Adc-Json/ves-event.json,2,1
adc-k6-functional/k6tests/Constants.js,2,0
adc-k6-functional/k6tests/ObjectBuilder.js,2,0
adc-k6-functional/k6tests/minIO-k6-scripts/TC_1_list-bucket.js,1,0
adc-k6-functional/k6tests/minIO-k6-scripts/TC_2_list-object.js,1,0
adc-k6-functional/k6tests/minIO-k6-scripts/TC_3_fetch-object.js,1,0
adc-k6-functional/k6tests/minIO-k6-scripts/aws4.js,1,0
adc-k6-functional/scripts/install_dependencies.sh,1,0
,2,1
ci/jenkins/files/testSuiteDeploy.Jenkinsfile,4,0
adc-k6-functional/scripts/verifyResults.py,2,0
adc-k6-functional/src/minIO-k6-scripts/sample.txt,1,0
.gitignore,1,0
.gitmodules,3,0
adc-app-eng-pipeline/adc-app-engineering-pipeline.iml,1,0
adc-app-eng-pipeline/pom.xml,1,0
adc-k6-functional/adc-k6-functional.iml,1,0
adc-k6-functional/charts/adc-k6pod.yaml,1,0
adc-k6-functional/charts/network-policy/eric-adc-k6-policy.yaml,1,0
adc-k6-functional/docker-compose.yaml,1,0
adc-k6-functional/pom.xml,1,0
bob,2,0
dev/docker-compose.yml,1,0
dev/grafana-dashboard.yaml,1,0
dev/grafana-datasource.yaml,1,0
dev/grafana-k6-docker-compose.yml,1,0
Dockerfile,1,0
ci/jenkins/rulesets/ruleset2.0.yaml,1,0
ci/jenkins/scripts/copy_report_k6.sh,1,0
ci/jenkins/scripts/deploy_testsuite.sh,1,0
adc-app-eng-pipeline/src/K6FunctionalTests.Jenkinsfile,3,2
adc-k6-functional/charts/network-policy/eric-adc-ctr-p-policy.yaml,1,0
adc-k6-functional/scripts/install_moc-ctr.sh,1,0
moc-ctr-file-transfer-0.1.0/docker-moc-ctr-file-transfer-0.1.0/3c09c798cf899b872a7cdfd59d63e4212aa09c7891b63ac86fb2c962224ee4c7/VERSION,1,0
moc-ctr-file-transfer-0.1.0/docker-moc-ctr-file-transfer-0.1.0/3c09c798cf899b872a7cdfd59d63e4212aa09c7891b63ac86fb2c962224ee4c7/json,1,0
moc-ctr-file-transfer-0.1.0/docker-moc-ctr-file-transfer-0.1.0/7efa05788eeee9f5db39c88223fa56d2c441e72652fd4901353a3cada4395cde.json,1,0
moc-ctr-file-transfer-0.1.0/docker-moc-ctr-file-transfer-0.1.0/9080d88c77f7c39f53939319747704620b8ea00ae52669a3b72635dbf86e377f/VERSION,1,0
moc-ctr-file-transfer-0.1.0/docker-moc-ctr-file-transfer-0.1.0/9080d88c77f7c39f53939319747704620b8ea00ae52669a3b72635dbf86e377f/json,1,0
moc-ctr-file-transfer-0.1.0/docker-moc-ctr-file-transfer-0.1.0/a0e2d957ab7ed7dcb56ec8635c8c79717d9f9f0e141db65cd8e7624f202c198b/VERSION,1,0
moc-ctr-file-transfer-0.1.0/docker-moc-ctr-file-transfer-0.1.0/a0e2d957ab7ed7dcb56ec8635c8c79717d9f9f0e141db65cd8e7624f202c198b/json,1,0
moc-ctr-file-transfer-0.1.0/docker-moc-ctr-file-transfer-0.1.0/manifest.json,1,0
moc-ctr-file-transfer-0.1.0/docker-moc-ctr-file-transfer-0.1.0/repositories,1,0
moc-ctr-file-transfer-0.1.0/helm-moc-ctr-file-transfer-0.1.0/moc-ctr-file-transfer/.helmignore,1,0
moc-ctr-file-transfer-0.1.0/helm-moc-ctr-file-transfer-0.1.0/moc-ctr-file-transfer/Chart.yaml,1,0
moc-ctr-file-transfer-0.1.0/helm-moc-ctr-file-transfer-0.1.0/moc-ctr-file-transfer/templates/_helpers.tpl,1,0
moc-ctr-file-transfer-0.1.0/helm-moc-ctr-file-transfer-0.1.0/moc-ctr-file-transfer/templates/configmap.yaml,1,0
moc-ctr-file-transfer-0.1.0/helm-moc-ctr-file-transfer-0.1.0/moc-ctr-file-transfer/templates/deployment.yaml,1,0
moc-ctr-file-transfer-0.1.0/helm-moc-ctr-file-transfer-0.1.0/moc-ctr-file-transfer/templates/service.yaml,1,0
moc-ctr-file-transfer-0.1.0/helm-moc-ctr-file-transfer-0.1.0/moc-ctr-file-transfer/templates/serviceaccount.yaml,1,0
moc-ctr-file-transfer-0.1.0/helm-moc-ctr-file-transfer-0.1.0/moc-ctr-file-transfer/values.yaml,1,0
adc-k6-functional/k6tests/main.js,3,1
adc-k6-functional/scripts/runK6.sh,3,0
adc-k6-functional/charts/network-policy/eric-adc-data-catalog-policy.yaml,1,0
adc-k6-functional/charts/network-policy/eric-adc-fns-stub-policy.yaml,1,0
adc-k6-functional/charts/network-policy/eric-adc-ssm-policy.yaml,1,0
adc-k6-functional/scripts/copyK6Report.sh,2,0
adc-k6-functional/scripts/deployK6Pod.sh,2,0
adc-k6-functional/charts/network-policy/eric-adc-sftp-server-policy.yaml,1,0
adc-k6-functional/Dockerfile,2,0
adc-k6-functional/k6tests/ADCApi.js,2,1
adc-k6-functional/k6tests/APIEndpoint.js,2,0
adc-k6-functional/k6tests/Adc-Json/ves-event-batch-neg.json,2,1
adc-k6-functional/k6tests/Adc-Json/ves-event-batch.json,2,1
adc-k6-functional/k6tests/Adc-Json/ves-event-neg.json,2,1
adc-k6-functional/k6tests/Adc-Json/ves-event.json,2,1
adc-k6-functional/k6tests/Constants.js,2,0
adc-k6-functional/k6tests/ObjectBuilder.js,2,0
adc-k6-functional/k6tests/minIO-k6-scripts/TC_1_list-bucket.js,1,0
adc-k6-functional/k6tests/minIO-k6-scripts/TC_2_list-object.js,1,0
adc-k6-functional/k6tests/minIO-k6-scripts/TC_3_fetch-object.js,1,0
adc-k6-functional/k6tests/minIO-k6-scripts/aws4.js,1,0
adc-k6-functional/scripts/install_dependencies.sh,1,0
,2,1
ci/jenkins/files/testSuiteDeploy.Jenkinsfile,4,0
adc-k6-functional/scripts/verifyResults.py,2,0
adc-k6-functional/src/minIO-k6-scripts/sample.txt,1,0
.gitignore,1,0
.gitmodules,3,0
adc-app-eng-pipeline/adc-app-engineering-pipeline.iml,1,0
adc-app-eng-pipeline/pom.xml,1,0
adc-k6-functional/adc-k6-functional.iml,1,0
adc-k6-functional/charts/adc-k6pod.yaml,1,0
adc-k6-functional/charts/network-policy/eric-adc-k6-policy.yaml,1,0
adc-k6-functional/docker-compose.yaml,1,0
adc-k6-functional/pom.xml,1,0
bob,2,0
dev/docker-compose.yml,1,0
dev/grafana-dashboard.yaml,1,0
dev/grafana-datasource.yaml,1,0
dev/grafana-k6-docker-compose.yml,1,0
Dockerfile,1,0
ci/jenkins/rulesets/ruleset2.0.yaml,1,0
ci/jenkins/scripts/copy_report_k6.sh,1,0
ci/jenkins/scripts/deploy_testsuite.sh,1,0
adc-app-eng-pipeline/src/K6FunctionalTests.Jenkinsfile,3,2
adc-k6-functional/charts/network-policy/eric-adc-ctr-p-policy.yaml,1,0
adc-k6-functional/scripts/install_moc-ctr.sh,1,0
moc-ctr-file-transfer-0.1.0/docker-moc-ctr-file-transfer-0.1.0/3c09c798cf899b872a7cdfd59d63e4212aa09c7891b63ac86fb2c962224ee4c7/VERSION,1,0
moc-ctr-file-transfer-0.1.0/docker-moc-ctr-file-transfer-0.1.0/3c09c798cf899b872a7cdfd59d63e4212aa09c7891b63ac86fb2c962224ee4c7/json,1,0
moc-ctr-file-transfer-0.1.0/docker-moc-ctr-file-transfer-0.1.0/7efa05788eeee9f5db39c88223fa56d2c441e72652fd4901353a3cada4395cde.json,1,0
moc-ctr-file-transfer-0.1.0/docker-moc-ctr-file-transfer-0.1.0/9080d88c77f7c39f53939319747704620b8ea00ae52669a3b72635dbf86e377f/VERSION,1,0
moc-ctr-file-transfer-0.1.0/docker-moc-ctr-file-transfer-0.1.0/9080d88c77f7c39f53939319747704620b8ea00ae52669a3b72635dbf86e377f/json,1,0
moc-ctr-file-transfer-0.1.0/docker-moc-ctr-file-transfer-0.1.0/a0e2d957ab7ed7dcb56ec8635c8c79717d9f9f0e141db65cd8e7624f202c198b/VERSION,1,0
moc-ctr-file-transfer-0.1.0/docker-moc-ctr-file-transfer-0.1.0/a0e2d957ab7ed7dcb56ec8635c8c79717d9f9f0e141db65cd8e7624f202c198b/json,1,0
moc-ctr-file-transfer-0.1.0/docker-moc-ctr-file-transfer-0.1.0/manifest.json,1,0
moc-ctr-file-transfer-0.1.0/docker-moc-ctr-file-transfer-0.1.0/repositories,1,0
moc-ctr-file-transfer-0.1.0/helm-moc-ctr-file-transfer-0.1.0/moc-ctr-file-transfer/.helmignore,1,0
moc-ctr-file-transfer-0.1.0/helm-moc-ctr-file-transfer-0.1.0/moc-ctr-file-transfer/Chart.yaml,1,0
moc-ctr-file-transfer-0.1.0/helm-moc-ctr-file-transfer-0.1.0/moc-ctr-file-transfer/templates/_helpers.tpl,1,0
moc-ctr-file-transfer-0.1.0/helm-moc-ctr-file-transfer-0.1.0/moc-ctr-file-transfer/templates/configmap.yaml,1,0
moc-ctr-file-transfer-0.1.0/helm-moc-ctr-file-transfer-0.1.0/moc-ctr-file-transfer/templates/deployment.yaml,1,0
moc-ctr-file-transfer-0.1.0/helm-moc-ctr-file-transfer-0.1.0/moc-ctr-file-transfer/templates/service.yaml,1,0
moc-ctr-file-transfer-0.1.0/helm-moc-ctr-file-transfer-0.1.0/moc-ctr-file-transfer/templates/serviceaccount.yaml,1,0
moc-ctr-file-transfer-0.1.0/helm-moc-ctr-file-transfer-0.1.0/moc-ctr-file-transfer/values.yaml,1,0
adc-k6-functional/k6tests/main.js,3,1
adc-k6-functional/scripts/runK6.sh,3,0
adc-k6-functional/charts/network-policy/eric-adc-data-catalog-policy.yaml,1,0
adc-k6-functional/charts/network-policy/eric-adc-fns-stub-policy.yaml,1,0
adc-k6-functional/charts/network-policy/eric-adc-ssm-policy.yaml,1,0
adc-k6-functional/scripts/copyK6Report.sh,2,0
adc-k6-functional/scripts/deployK6Pod.sh,2,0
adc-k6-functional/charts/network-policy/eric-adc-sftp-server-policy.yaml,1,0
adc-k6-functional/Dockerfile,2,0
adc-k6-functional/k6tests/ADCApi.js,2,1
adc-k6-functional/k6tests/APIEndpoint.js,2,0
adc-k6-functional/k6tests/Adc-Json/ves-event-batch-neg.json,2,1
adc-k6-functional/k6tests/Adc-Json/ves-event-batch.json,2,1
adc-k6-functional/k6tests/Adc-Json/ves-event-neg.json,2,1
adc-k6-functional/k6tests/Adc-Json/ves-event.json,2,1
adc-k6-functional/k6tests/Constants.js,2,0
adc-k6-functional/k6tests/ObjectBuilder.js,2,0
adc-k6-functional/k6tests/minIO-k6-scripts/TC_1_list-bucket.js,1,0
adc-k6-functional/k6tests/minIO-k6-scripts/TC_2_list-object.js,1,0
adc-k6-functional/k6tests/minIO-k6-scripts/TC_3_fetch-object.js,1,0
adc-k6-functional/k6tests/minIO-k6-scripts/aws4.js,1,0
adc-k6-functional/scripts/install_dependencies.sh,1,0
,2,1
ci/jenkins/files/testSuiteDeploy.Jenkinsfile,4,0
adc-k6-functional/scripts/verifyResults.py,2,0
adc-k6-functional/src/minIO-k6-scripts/sample.txt,1,0
.gitignore,1,0
.gitmodules,3,0
adc-app-eng-pipeline/adc-app-engineering-pipeline.iml,1,0
adc-app-eng-pipeline/pom.xml,1,0
adc-k6-functional/adc-k6-functional.iml,1,0
adc-k6-functional/charts/adc-k6pod.yaml,1,0
adc-k6-functional/charts/network-policy/eric-adc-k6-policy.yaml,1,0
adc-k6-functional/docker-compose.yaml,1,0
adc-k6-functional/pom.xml,1,0
bob,2,0
dev/docker-compose.yml,1,0
dev/grafana-dashboard.yaml,1,0
dev/grafana-datasource.yaml,1,0
dev/grafana-k6-docker-compose.yml,1,0
Dockerfile,1,0
ci/jenkins/rulesets/ruleset2.0.yaml,1,0
ci/jenkins/scripts/copy_report_k6.sh,1,0
ci/jenkins/scripts/deploy_testsuite.sh,1,0
adc-app-eng-pipeline/src/K6FunctionalTests.Jenkinsfile,2,0
adc-k6-functional/charts/network-policy/eric-adc-ctr-p-policy.yaml,1,0
adc-k6-functional/scripts/install_moc-ctr.sh,1,0
moc-ctr-file-transfer-0.1.0/docker-moc-ctr-file-transfer-0.1.0/3c09c798cf899b872a7cdfd59d63e4212aa09c7891b63ac86fb2c962224ee4c7/VERSION,1,0
moc-ctr-file-transfer-0.1.0/docker-moc-ctr-file-transfer-0.1.0/3c09c798cf899b872a7cdfd59d63e4212aa09c7891b63ac86fb2c962224ee4c7/json,1,0
moc-ctr-file-transfer-0.1.0/docker-moc-ctr-file-transfer-0.1.0/7efa05788eeee9f5db39c88223fa56d2c441e72652fd4901353a3cada4395cde.json,1,0
moc-ctr-file-transfer-0.1.0/docker-moc-ctr-file-transfer-0.1.0/9080d88c77f7c39f53939319747704620b8ea00ae52669a3b72635dbf86e377f/VERSION,1,0
moc-ctr-file-transfer-0.1.0/docker-moc-ctr-file-transfer-0.1.0/9080d88c77f7c39f53939319747704620b8ea00ae52669a3b72635dbf86e377f/json,1,0
moc-ctr-file-transfer-0.1.0/docker-moc-ctr-file-transfer-0.1.0/a0e2d957ab7ed7dcb56ec8635c8c79717d9f9f0e141db65cd8e7624f202c198b/VERSION,1,0
moc-ctr-file-transfer-0.1.0/docker-moc-ctr-file-transfer-0.1.0/a0e2d957ab7ed7dcb56ec8635c8c79717d9f9f0e141db65cd8e7624f202c198b/json,1,0
moc-ctr-file-transfer-0.1.0/docker-moc-ctr-file-transfer-0.1.0/manifest.json,1,0
moc-ctr-file-transfer-0.1.0/docker-moc-ctr-file-transfer-0.1.0/repositories,1,0
moc-ctr-file-transfer-0.1.0/helm-moc-ctr-file-transfer-0.1.0/moc-ctr-file-transfer/.helmignore,1,0
moc-ctr-file-transfer-0.1.0/helm-moc-ctr-file-transfer-0.1.0/moc-ctr-file-transfer/Chart.yaml,1,0
moc-ctr-file-transfer-0.1.0/helm-moc-ctr-file-transfer-0.1.0/moc-ctr-file-transfer/templates/_helpers.tpl,1,0
moc-ctr-file-transfer-0.1.0/helm-moc-ctr-file-transfer-0.1.0/moc-ctr-file-transfer/templates/configmap.yaml,1,0
moc-ctr-file-transfer-0.1.0/helm-moc-ctr-file-transfer-0.1.0/moc-ctr-file-transfer/templates/deployment.yaml,1,0
moc-ctr-file-transfer-0.1.0/helm-moc-ctr-file-transfer-0.1.0/moc-ctr-file-transfer/templates/service.yaml,1,0
moc-ctr-file-transfer-0.1.0/helm-moc-ctr-file-transfer-0.1.0/moc-ctr-file-transfer/templates/serviceaccount.yaml,1,0
moc-ctr-file-transfer-0.1.0/helm-moc-ctr-file-transfer-0.1.0/moc-ctr-file-transfer/values.yaml,1,0
adc-k6-functional/k6tests/main.js,2,1
adc-k6-functional/scripts/runK6.sh,2,0
adc-k6-functional/charts/network-policy/eric-adc-data-catalog-policy.yaml,1,0
adc-k6-functional/charts/network-policy/eric-adc-fns-stub-policy.yaml,1,0
adc-k6-functional/charts/network-policy/eric-adc-ssm-policy.yaml,1,0
adc-k6-functional/scripts/copyK6Report.sh,1,0
adc-k6-functional/scripts/deployK6Pod.sh,1,0
adc-k6-functional/charts/network-policy/eric-adc-sftp-server-policy.yaml,1,0
adc-k6-functional/Dockerfile,1,0
adc-k6-functional/scripts/install_dependencies.sh,1,0
,1,0
ci/jenkins/files/testSuiteDeploy.Jenkinsfile,1,0
adc-app-eng-pipeline/src/K6FunctionalTests.Jenkinsfile,2,0
adc-k6-functional/charts/network-policy/eric-adc-ctr-p-policy.yaml,1,0
adc-k6-functional/scripts/install_moc-ctr.sh,1,0
moc-ctr-file-transfer-0.1.0/docker-moc-ctr-file-transfer-0.1.0/3c09c798cf899b872a7cdfd59d63e4212aa09c7891b63ac86fb2c962224ee4c7/VERSION,1,0
moc-ctr-file-transfer-0.1.0/docker-moc-ctr-file-transfer-0.1.0/3c09c798cf899b872a7cdfd59d63e4212aa09c7891b63ac86fb2c962224ee4c7/json,1,0
moc-ctr-file-transfer-0.1.0/docker-moc-ctr-file-transfer-0.1.0/7efa05788eeee9f5db39c88223fa56d2c441e72652fd4901353a3cada4395cde.json,1,0
moc-ctr-file-transfer-0.1.0/docker-moc-ctr-file-transfer-0.1.0/9080d88c77f7c39f53939319747704620b8ea00ae52669a3b72635dbf86e377f/VERSION,1,0
moc-ctr-file-transfer-0.1.0/docker-moc-ctr-file-transfer-0.1.0/9080d88c77f7c39f53939319747704620b8ea00ae52669a3b72635dbf86e377f/json,1,0
moc-ctr-file-transfer-0.1.0/docker-moc-ctr-file-transfer-0.1.0/a0e2d957ab7ed7dcb56ec8635c8c79717d9f9f0e141db65cd8e7624f202c198b/VERSION,1,0
moc-ctr-file-transfer-0.1.0/docker-moc-ctr-file-transfer-0.1.0/a0e2d957ab7ed7dcb56ec8635c8c79717d9f9f0e141db65cd8e7624f202c198b/json,1,0
moc-ctr-file-transfer-0.1.0/docker-moc-ctr-file-transfer-0.1.0/manifest.json,1,0
moc-ctr-file-transfer-0.1.0/docker-moc-ctr-file-transfer-0.1.0/repositories,1,0
moc-ctr-file-transfer-0.1.0/helm-moc-ctr-file-transfer-0.1.0/moc-ctr-file-transfer/.helmignore,1,0
moc-ctr-file-transfer-0.1.0/helm-moc-ctr-file-transfer-0.1.0/moc-ctr-file-transfer/Chart.yaml,1,0
moc-ctr-file-transfer-0.1.0/helm-moc-ctr-file-transfer-0.1.0/moc-ctr-file-transfer/templates/_helpers.tpl,1,0
moc-ctr-file-transfer-0.1.0/helm-moc-ctr-file-transfer-0.1.0/moc-ctr-file-transfer/templates/configmap.yaml,1,0
moc-ctr-file-transfer-0.1.0/helm-moc-ctr-file-transfer-0.1.0/moc-ctr-file-transfer/templates/deployment.yaml,1,0
moc-ctr-file-transfer-0.1.0/helm-moc-ctr-file-transfer-0.1.0/moc-ctr-file-transfer/templates/service.yaml,1,0
moc-ctr-file-transfer-0.1.0/helm-moc-ctr-file-transfer-0.1.0/moc-ctr-file-transfer/templates/serviceaccount.yaml,1,0
moc-ctr-file-transfer-0.1.0/helm-moc-ctr-file-transfer-0.1.0/moc-ctr-file-transfer/values.yaml,1,0
adc-k6-functional/k6tests/main.js,2,1
adc-k6-functional/scripts/runK6.sh,2,0
adc-k6-functional/charts/network-policy/eric-adc-data-catalog-policy.yaml,1,0
adc-k6-functional/charts/network-policy/eric-adc-fns-stub-policy.yaml,1,0
adc-k6-functional/charts/network-policy/eric-adc-ssm-policy.yaml,1,0
adc-k6-functional/scripts/copyK6Report.sh,1,0
adc-k6-functional/scripts/deployK6Pod.sh,1,0
adc-k6-functional/charts/network-policy/eric-adc-sftp-server-policy.yaml,1,0
adc-k6-functional/Dockerfile,1,0
adc-k6-functional/scripts/install_dependencies.sh,1,0
,1,0
ci/jenkins/files/testSuiteDeploy.Jenkinsfile,1,0
adc-app-eng-pipeline/src/K6FunctionalTests.Jenkinsfile,2,0
adc-k6-functional/charts/network-policy/eric-adc-ctr-p-policy.yaml,1,0
adc-k6-functional/scripts/install_moc-ctr.sh,1,0
moc-ctr-file-transfer-0.1.0/docker-moc-ctr-file-transfer-0.1.0/3c09c798cf899b872a7cdfd59d63e4212aa09c7891b63ac86fb2c962224ee4c7/VERSION,1,0
moc-ctr-file-transfer-0.1.0/docker-moc-ctr-file-transfer-0.1.0/3c09c798cf899b872a7cdfd59d63e4212aa09c7891b63ac86fb2c962224ee4c7/json,1,0
moc-ctr-file-transfer-0.1.0/docker-moc-ctr-file-transfer-0.1.0/7efa05788eeee9f5db39c88223fa56d2c441e72652fd4901353a3cada4395cde.json,1,0
moc-ctr-file-transfer-0.1.0/docker-moc-ctr-file-transfer-0.1.0/9080d88c77f7c39f53939319747704620b8ea00ae52669a3b72635dbf86e377f/VERSION,1,0
moc-ctr-file-transfer-0.1.0/docker-moc-ctr-file-transfer-0.1.0/9080d88c77f7c39f53939319747704620b8ea00ae52669a3b72635dbf86e377f/json,1,0
moc-ctr-file-transfer-0.1.0/docker-moc-ctr-file-transfer-0.1.0/a0e2d957ab7ed7dcb56ec8635c8c79717d9f9f0e141db65cd8e7624f202c198b/VERSION,1,0
moc-ctr-file-transfer-0.1.0/docker-moc-ctr-file-transfer-0.1.0/a0e2d957ab7ed7dcb56ec8635c8c79717d9f9f0e141db65cd8e7624f202c198b/json,1,0
moc-ctr-file-transfer-0.1.0/docker-moc-ctr-file-transfer-0.1.0/manifest.json,1,0
moc-ctr-file-transfer-0.1.0/docker-moc-ctr-file-transfer-0.1.0/repositories,1,0
moc-ctr-file-transfer-0.1.0/helm-moc-ctr-file-transfer-0.1.0/moc-ctr-file-transfer/.helmignore,1,0
moc-ctr-file-transfer-0.1.0/helm-moc-ctr-file-transfer-0.1.0/moc-ctr-file-transfer/Chart.yaml,1,0
moc-ctr-file-transfer-0.1.0/helm-moc-ctr-file-transfer-0.1.0/moc-ctr-file-transfer/templates/_helpers.tpl,1,0
moc-ctr-file-transfer-0.1.0/helm-moc-ctr-file-transfer-0.1.0/moc-ctr-file-transfer/templates/configmap.yaml,1,0
moc-ctr-file-transfer-0.1.0/helm-moc-ctr-file-transfer-0.1.0/moc-ctr-file-transfer/templates/deployment.yaml,1,0
moc-ctr-file-transfer-0.1.0/helm-moc-ctr-file-transfer-0.1.0/moc-ctr-file-transfer/templates/service.yaml,1,0
moc-ctr-file-transfer-0.1.0/helm-moc-ctr-file-transfer-0.1.0/moc-ctr-file-transfer/templates/serviceaccount.yaml,1,0
moc-ctr-file-transfer-0.1.0/helm-moc-ctr-file-transfer-0.1.0/moc-ctr-file-transfer/values.yaml,1,0
adc-k6-functional/k6tests/main.js,2,1
adc-k6-functional/scripts/runK6.sh,2,0
adc-k6-functional/charts/network-policy/eric-adc-data-catalog-policy.yaml,1,0
adc-k6-functional/charts/network-policy/eric-adc-fns-stub-policy.yaml,1,0
adc-k6-functional/charts/network-policy/eric-adc-ssm-policy.yaml,1,0
adc-k6-functional/scripts/copyK6Report.sh,1,0
adc-k6-functional/scripts/deployK6Pod.sh,1,0
adc-k6-functional/charts/network-policy/eric-adc-sftp-server-policy.yaml,1,0
adc-k6-functional/Dockerfile,1,0
adc-k6-functional/scripts/install_dependencies.sh,1,0
,1,0
ci/jenkins/files/testSuiteDeploy.Jenkinsfile,1,0
scripts/ObjectBuilder.js,1,0
.gitmodules,3,0
bob,2,0
ci/jenkins/files/testSuiteDeploy.Jenkinsfile,3,0
scripts/ADCApi.js,1,0
scripts/APIEndpoint.js,1,0
scripts/Adc-Json/ves-event-batch-neg.json,1,0
scripts/Adc-Json/ves-event-neg.json,1,0
scripts/Constants.js,1,0
scripts/test_cs_service.js,1,0
dev/docker-compose.yml,1,0
dev/grafana-dashboard.yaml,1,0
dev/grafana-datasource.yaml,1,0
dev/grafana-k6-docker-compose.yml,1,0
scripts/Adc-Json/ves-event-batch.json,1,0
scripts/Adc-Json/ves-event.json,1,0
start-k6.sh,1,0
Dockerfile,1,0
ci/jenkins/rulesets/ruleset2.0.yaml,1,0
ci/jenkins/scripts/copy_report_k6.sh,1,0
ci/jenkins/scripts/deploy_testsuite.sh,1,0
scripts/ObjectBuilder.js,1,0
.gitmodules,3,0
bob,2,0
ci/jenkins/files/testSuiteDeploy.Jenkinsfile,3,0
scripts/ADCApi.js,1,0
scripts/APIEndpoint.js,1,0
scripts/Adc-Json/ves-event-batch-neg.json,1,0
scripts/Adc-Json/ves-event-neg.json,1,0
scripts/Constants.js,1,0
scripts/test_cs_service.js,1,0
dev/docker-compose.yml,1,0
dev/grafana-dashboard.yaml,1,0
dev/grafana-datasource.yaml,1,0
dev/grafana-k6-docker-compose.yml,1,0
scripts/Adc-Json/ves-event-batch.json,1,0
scripts/Adc-Json/ves-event.json,1,0
start-k6.sh,1,0
Dockerfile,1,0
ci/jenkins/rulesets/ruleset2.0.yaml,1,0
ci/jenkins/scripts/copy_report_k6.sh,1,0
ci/jenkins/scripts/deploy_testsuite.sh,1,0
scripts/ObjectBuilder.js,1,0
.gitmodules,3,0
bob,2,0
ci/jenkins/files/testSuiteDeploy.Jenkinsfile,3,0
scripts/ADCApi.js,1,0
scripts/APIEndpoint.js,1,0
scripts/Adc-Json/ves-event-batch-neg.json,1,0
scripts/Adc-Json/ves-event-neg.json,1,0
scripts/Constants.js,1,0
scripts/test_cs_service.js,1,0
dev/docker-compose.yml,1,0
dev/grafana-dashboard.yaml,1,0
dev/grafana-datasource.yaml,1,0
dev/grafana-k6-docker-compose.yml,1,0
scripts/Adc-Json/ves-event-batch.json,1,0
scripts/Adc-Json/ves-event.json,1,0
start-k6.sh,1,0
Dockerfile,1,0
ci/jenkins/rulesets/ruleset2.0.yaml,1,0
ci/jenkins/scripts/copy_report_k6.sh,1,0
ci/jenkins/scripts/deploy_testsuite.sh,1,0
